{
  "ALABAMA": [
    -89.17260409023035,
    30.40268316212664,
    -83.99479935847474,
    35.157712250004884
  ],
  "ALASKA": [
    -163.72982245902784,
    55.061932350717164,
    -131.10020575988386,
    69.01842313294497
  ],
  "ARIZONA": [
    -114.24816694793677,
    31.34499107019881,
    -107.78220382644453,
    37.739186220569344
  ],
  "ARKANSAS": [
    -95.39217189082181,
    33.093807941136376,
    -90.15087273386924,
    37.71407352343344
  ],
  "CALIFORNIA": [
    -124.29182992907519,
    32.59679692498321,
    -115.29106340037632,
    43.34236427680726
  ],
  "COLORADO": [
    -109.29502680690366,
    35.55843447401497,
    -105.85168317918263,
    40.96671149020275
  ],
  "CONNECTICUT": [
    -73.67485116375775,
    41.0585303714392,
    -71.07135738290928,
    45.302341495091945
  ],
  "DELAWARE": [
    -75.98785195003727,
    38.53637379744321,
    -75.27022323505474,
    40.146710566314106
  ],
  "FLORIDA": [
    -87.7874800916558,
    26.317697117894724,
    -80.16543200231465,
    34.82802197357641
  ],
  "GEORGIA": [
    -85.6600543025732,
    30.62142234916388,
    -81.21255071893674,
    35.17292630445823
  ],
  "HAWAII": [
    -159.67770188084495,
    19.51088134101088,
    -155.150522318254,
    22.185167638524206
  ],
  "IDAHO": [
    -117.19006066989483,
    40.71018560571379,
    -109.76216435989362,
    49.000211541863436
  ],
  "ILLINOIS": [
    -91.38787609868172,
    37.32644716322244,
    -85.88915402646197,
    43.658803423151824
  ],
  "INDIANA": [
    -88.35742675718409,
    38.072169893130095,
    -84.17689668456552,
    42.28951881839824
  ],
  "IOWA": [
    -97.7893731360907,
    40.59140261507663,
    -90.45165441003259,
    45.350676220570854
  ],
  "KANSAS": [
    -104.18349603966011,
    36.67980002364428,
    -94.57370871752255,
    41.28768609541493
  ],
  "KENTUCKY": [
    -88.97243699993261,
    36.09519388365702,
    -81.30670921126074,
    39.107391960186575
  ],
  "LOUISIANA": [
    -95.36158880615218,
    29.948397240784004,
    -88.7803212688009,
    34.862560052215194
  ],
  "MAINE": [
    -71.52286662797755,
    43.370360160358025,
    -67.69058982666317,
    47.315666744448016
  ],
  "MARYLAND": [
    -79.69973688814997,
    37.88161736445288,
    -75.2812701810845,
    40.23865540646003
  ],
  "MASSACHUSETTS": [
    -73.51358845696879,
    41.57973359570102,
    -70.01585800210009,
    45.302341495091945
  ],
  "MICHIGAN": [
    -90.12368099948085,
    41.265450249041486,
    -82.58594438251657,
    47.350916528580896
  ],
  "MINNESOTA": [
    -97.36395928305217,
    43.23092098638994,
    -90.83565686502968,
    48.79695888153502
  ],
  "MISSISSIPPI": [
    -91.3405297833942,
    30.46595595702996,
    -87.60634491582555,
    35.00045809841534
  ],
  "MISSOURI": [
    -96.21765611650827,
    36.35173836434847,
    -89.88587463452622,
    41.48617025542133
  ],
  "MONTANA": [
    -115.76311080961032,
    42.76596800963359,
    -104.65099919740499,
    49.001276273402176
  ],
  "NEBRASKA": [
    -105.44364210049868,
    39.029718650577486,
    -95.59107585884018,
    43.351059258083914
  ],
  "NEVADA": [
    -120.46512618093132,
    35.82668802760459,
    -114.03624680725905,
    42.26820905015623
  ],
  "NEW_HAMPSHIRE": [
    -72.98165158261803,
    42.6526260227828,
    -70.50626908168086,
    45.3476674084653
  ],
  "NEW_JERSEY": [
    -76.00890481983248,
    39.26776944397756,
    -73.90846215583235,
    42.46270412791138
  ],
  "NEW_MEXICO": [
    -109.22231744391354,
    31.552326685068127,
    -103.29694321658909,
    38.45783322303014
  ],
  "NEW_YORK": [
    -79.57008891541803,
    40.66017936218128,
    -72.68545824938086,
    45.01590867940014
  ],
  "NORTH_CAROLINA": [
    -84.00556072146077,
    34.01353781118574,
    -76.74058915052814,
    37.51913216257167
  ],
  "NORTH_DAKOTA": [
    -105.20425207059941,
    44.53683981827895,
    -95.32949906497375,
    48.99945840481151
  ],
  "OHIO": [
    -85.33178312527801,
    38.58457372153016,
    -80.27149842325748,
    42.0352542967645
  ],
  "OKLAHOMA": [
    -104.18426957994322,
    33.891365667788904,
    -93.58028604137156,
    38.87028966208262
  ],
  "OREGON": [
    -124.24229285740174,
    41.128093029410294,
    -115.61190930383178,
    46.159585827917155
  ],
  "PENNSYLVANIA": [
    -81.27393279300232,
    38.39248791071352,
    -74.35796060113664,
    42.987399290422594
  ],
  "RHODE_ISLAND": [
    -71.93307569956339,
    41.39892266326353,
    -71.25117500899114,
    42.350770756286494
  ],
  "SOUTH_CAROLINA": [
    -83.37110039370774,
    32.68644174536621,
    -78.23038064112934,
    36.674786934687496
  ],
  "SOUTH_DAKOTA": [
    -106.10165772267113,
    42.52080729669685,
    -95.87826132082408,
    47.84768525395686
  ],
  "TENNESSEE": [
    -89.97646529169047,
    34.54593823311845,
    -81.39823894013749,
    37.539999915830215
  ],
  "TEXAS": [
    -105.55769271992575,
    27.25132262972819,
    -93.14543957558914,
    37.072390236788756
  ],
  "UTAH": [
    -113.96963775155776,
    36.34495892190852,
    -107.16400520909647,
    43.4524632575692
  ],
  "VERMONT": [
    -73.32326384753217,
    42.76775063750239,
    -71.69746151339848,
    44.97953842837852
  ],
  "VIRGINIA": [
    -83.13502174310786,
    36.11716020013112,
    -76.66917714843493,
    39.31819877899324
  ],
  "WASHINGTON": [
    -124.49105152063619,
    45.6788651375715,
    -115.06933576673235,
    49.001839894843194
  ],
  "WEST_VIRGINIA": [
    -82.61095252867449,
    36.11716020013112,
    -77.38780277036393,
    40.23850514248869
  ],
  "WISCONSIN": [
    -93.62408755846924,
    42.43204028536629,
    -87.48766000770867,
    46.73379058265694
  ],
  "WYOMING": [
    -111.51113043372814,
    40.322991433721874,
    -104.09881063012271,
    45.21898803042188
  ]
}